<!-- Load full set of processing nodelets for a RGBD device -->
<launch>

  <!-- Name of nodelet manager -->
  <arg name="manager" />

  <!-- Launch robustly (bonds + respawn) or not? -->
  <arg name="respawn" default="false" />
  <arg     if="$(arg respawn)" name="bond" value="" />
  <arg unless="$(arg respawn)" name="bond" value="--no-bond" />
  
  <!-- Processing modules -->
  <arg name="rgb_processing" default="true" />
  <arg name="debayer_processing" default="true" />
  <arg name="ir_processing" default="true" />
  <arg name="depth_processing" default="true" />
  <arg name="depth_registered_processing" default="true" />
  <arg name="disparity_processing" default="true" />
  <arg name="disparity_registered_processing" default="true" />
  <arg name="sw_registered_processing" default="true" />
  <arg name="hw_registered_processing" default="true" />
  
  <!-- Remapping arguments -->
  <arg name="rgb"                       default="rgb" />
  <arg name="ir"                        default="ir" />
  <arg name="depth"                     default="depth" />
  <arg name="depth_registered"          default="depth_registered" />
  <arg name="depth_registered_filtered" default="depth_registered" />
  <arg name="projector"                 default="projector" />

  <!-- RGB processing -->
  <include if="$(arg rgb_processing)"
           file="$(find rgbd_launch)/launch/includes/rgb.launch.xml">
    <arg name="manager" value="$(arg manager)" />
    <arg name="respawn" value="$(arg respawn)" />
    <arg name="rgb"     value="$(arg rgb)" />
    <arg name="debayer_processing" value="$(arg debayer_processing)" />
  </include>

  <!-- IR processing -->
  <include if="$(arg ir_processing)"
           file="$(find rgbd_launch)/launch/includes/ir.launch.xml">
    <arg name="manager" value="$(arg manager)" />
    <arg name="respawn" value="$(arg respawn)" />
    <arg name="ir"      value="$(arg ir)" />
  </include>

  <!-- Unregistered depth processing -->
  <include if="$(arg depth_processing)"
    file="$(find rgbd_launch)/launch/includes/depth.launch.xml">
    <arg name="manager" value="$(arg manager)" />
    <arg name="respawn" value="$(arg respawn)" />
    <arg name="depth"   value="$(arg depth)" />
  </include>

  <!-- Depth-to-RGB registration and processing -->
  <include if="$(arg depth_registered_processing)"
           file="$(find rgbd_launch)/launch/includes/depth_registered.launch.xml">
    <arg name="manager"                   value="$(arg manager)" />
    <arg name="rgb"                       value="$(arg rgb)" />
    <arg name="depth"                     value="$(arg depth)" />
    <arg name="depth_registered"          value="$(arg depth_registered)" />
    <arg name="depth_registered_filtered" value="$(arg depth_registered_filtered)" />
    <arg name="respawn"                   value="$(arg respawn)" />
    <arg name="sw_registered_processing"  value="$(arg sw_registered_processing)" />
    <arg name="hw_registered_processing"  value="$(arg hw_registered_processing)" />
  </include>

  <!-- Unregistered disparity image -->
  <include if="$(arg disparity_processing)"
    file="$(find rgbd_launch)/launch/includes/disparity.launch.xml">
    <arg name="manager"   value="$(arg manager)" />
    <arg name="depth"     value="$(arg depth)" />
    <arg name="projector" value="$(arg projector)" />
    <arg name="respawn"   value="$(arg respawn)" />
  </include>

  <!-- Registered disparity image -->
  <include if="$(arg disparity_registered_processing)"
           file="$(find rgbd_launch)/launch/includes/disparity_registered.launch.xml">
    <arg name="manager"                   value="$(arg manager)" />
    <arg name="depth_registered"          value="$(arg depth_registered)" />
    <arg name="projector"                 value="$(arg projector)" />
    <arg name="respawn"                   value="$(arg respawn)" />
    <arg name="sw_registered_processing"  value="$(arg sw_registered_processing)" />
    <arg name="hw_registered_processing"  value="$(arg hw_registered_processing)" />
  </include>

</launch>
